{"stat.cakeSlicesEaten":5,"stat.useItem.minecraft.mushroom_stew":1,"stat.pickup.minecraft.bone":4,"stat.useItem.minecraft.iron_axe":31,"stat.leaveGame":6,"stat.drop.minecraft.stone_shovel":1,"stat.mineBlock.minecraft.cobblestone":10,"stat.pickup.minecraft.flint":1,"stat.craftItem.minecraft.iron_axe":1,"stat.pickup.minecraft.leather_chestplate":1,"stat.pickup.umm3185118519.sapphire":4,"stat.pickup.umm3185118519.copper_ore":13,"stat.mineBlock.minecraft.sandstone":3,"stat.mineBlock.minecraft.stained_glass_pane":2,"stat.swimOneCm":28864,"stat.mineBlock.umm3185118519.sapphire_ore":4,"stat.pickup.minecraft.enchanted_book":3,"stat.craftItem.minecraft.shield":2,"stat.mineBlock.minecraft.web":34,"stat.pickup.minecraft.porkchop":1,"stat.pickup.minecraft.blaze_powder":1,"stat.useItem.minecraft.dirt":4,"stat.useItem.minecraft.cookie":2,"stat.pickup.wings.fairy_dust":47,"stat.useItem.minecraft.stone_slab2":21,"stat.pickup.minecraft.bow":1,"stat.drop.minecraft.iron_sword":1,"stat.mineBlock.minecraft.stone_brick_stairs":6,"stat.pickup.minecraft.rotten_flesh":14,"stat.pickup.minecraft.sand":11,"stat.craftItem.minecraft.furnace":4,"stat.killEntity.artifacts.mimic":3,"stat.craftItem.minecraft.spruce_boat":1,"stat.craftItem.minecraft.iron_boots":1,"stat.craftItem.minecraft.stone_pickaxe":1,"stat.craftItem.minecraft.cooked_beef":9,"stat.mineBlock.umm3185118519.copper_ore":13,"stat.pickup.minecraft.cobblestone":162,"stat.pickup.minecraft.leather_boots":1,"stat.mineBlock.minecraft.redstone_block":1,"stat.useItem.minecraft.stone_shovel":18,"stat.craftItem.minecraft.stone_sword":1,"stat.flyOneCm":230962,"stat.pickup.minecraft.glass_bottle":1,"stat.mineBlock.minecraft.sand":21,"stat.drop.minecraft.wheat_seeds":1,"stat.useItem.minecraft.cooked_beef":10,"stat.pickup.minecraft.golden_pickaxe":1,"stat.pickup.minecraft.redstone":9,"stat.mineBlock.minecraft.iron_ore":66,"stat.timeSinceDeath":59282,"stat.useItem.minecraft.iron_pickaxe":503,"stat.pickup.umm3185118519.amber_ore":17,"stat.craftItem.minecraft.wooden_pickaxe":2,"stat.pickup.minecraft.mutton":17,"stat.trappedChestTriggered":1,"stat.pickup.umm3185118519.aluminum_ore":3,"stat.pickup.minecraft.stonebrick":19,"stat.furnaceInteraction":29,"stat.mineBlock.minecraft.coal_ore":70,"stat.killEntity.Creeper":2,"stat.pickup.minecraft.wooden_sword":1,"stat.pickup.minecraft.string":54,"stat.pickup.umm3185118519.jade_ore":10,"stat.pickup.minecraft.beef":33,"stat.pickup.minecraft.furnace":4,"stat.mineBlock.umm3185118519.jade_ore":10,"stat.craftItem.minecraft.stone_slab2":0,"stat.useItem.minecraft.written_book":1,"stat.pickup.minecraft.paper":1,"stat.sprintOneCm":297911,"stat.pickup.minecraft.skull":1,"stat.craftItem.umm3185118519.sapphire_sword":1,"stat.craftItem.minecraft.stick":20,"stat.mineBlock.umm3185118519.cobalt_ore":3,"stat.pickup.minecraft.potion":3,"stat.mineBlock.minecraft.crafting_table":7,"stat.mineBlock.minecraft.quartz_block":2,"stat.pickup.minecraft.leather_leggings":3,"stat.mineBlock.umm3185118519.aluminum_ore":3,"stat.useItem.minecraft.beef":3,"stat.useItem.umm3185118519.amethyst_pickaxe":13,"stat.deaths":2,"stat.mineBlock.minecraft.planks":1,"stat.drop":3,"stat.playOneMinute":118144,"stat.useItem.minecraft.wooden_sword":10,"stat.pickup.minecraft.jukebox":2,"stat.killEntity.Sheep":12,"stat.mineBlock.mysticalagriculture.prosperity_ore":11,"stat.craftItem.minecraft.iron_pickaxe":3,"stat.pickup.umm3185118519.amethyst":9,"stat.killEntity.Zombie":12,"stat.pickup.artifacts.bottled_cloud":1,"stat.mineBlock.minecraft.gold_ore":15,"stat.mineBlock.minecraft.tallgrass":6,"stat.diveOneCm":42894,"stat.craftItem.umm3185118519.amethyst_pickaxe":1,"stat.chestOpened":29,"stat.pickup.minecraft.gravel":7,"stat.pickup.minecraft.iron_sword":3,"stat.pickup.minecraft.arrow":8,"stat.mineBlock.mysticalagriculture.inferium_ore":10,"stat.useItem.minecraft.potion":2,"stat.jump":1308,"stat.pickup.minecraft.fence":1,"stat.pickup.minecraft.coal":93,"stat.fallOneCm":30952,"stat.pickup.minecraft.carrot":2,"stat.pickup.minecraft.gunpowder":2,"stat.craftItem.umm3185118519.aquamarine":9,"stat.crouchOneCm":17477,"stat.pickup.minecraft.spider_eye":3,"stat.craftItem.minecraft.iron_ingot":40,"stat.pickup.minecraft.dirt":23,"stat.craftItem.minecraft.iron_helmet":1,"stat.pickup.minecraft.red_mushroom":2,"stat.craftingTableInteraction":27,"stat.pickup.minecraft.iron_ore":65,"stat.pickup.minecraft.stone_shovel":2,"stat.boatOneCm":135887,"stat.mineBlock.minecraft.iron_bars":2,"stat.pickup.minecraft.gold_ore":12,"stat.mineBlock.minecraft.lapis_ore":9,"stat.damageTaken":1767,"stat.pickup.minecraft.feather":10,"stat.pickup.minecraft.leather":19,"stat.mineBlock.minecraft.furnace":4,"stat.mineBlock.minecraft.torch":1,"stat.useItem.minecraft.wooden_pickaxe":29,"stat.pickup.mysticalagriculture.crafting":56,"stat.pickup.minecraft.dye":52,"stat.pickup.minecraft.planks":2,"stat.killEntity.CaveSpider":5,"stat.pickup.minecraft.bed":1,"stat.pickup.artifacts.thorn_pendant":1,"stat.pickup.minecraft.wheat_seeds":1,"stat.pickup.minecraft.quartz_block":1,"stat.entityKilledBy.Zombie":1,"stat.mineBlock.minecraft.gravel":13,"stat.useItem.minecraft.stone_pickaxe":54,"stat.useItem.minecraft.stone_sword":15,"stat.craftItem.minecraft.iron_leggings":1,"stat.damageDealt":10437,"stat.sleepInBed":1,"stat.killEntity.Cow":16,"stat.mineBlock.minecraft.dirt":23,"stat.killEntity.Pig":1,"stat.pickup.artifacts.shiny_red_balloon":1,"stat.mineBlock.umm3185118519.aquamarine_ore":12,"stat.walkOneCm":221536,"stat.useItem.minecraft.bread":4,"stat.pickup.umm3185118519.aquamarine_ore":12,"stat.pickup.minecraft.crafting_table":7,"stat.useItem.minecraft.cobblestone":26,"stat.craftItem.minecraft.crafting_table":5,"stat.mineBlock.minecraft.double_plant":1,"stat.useItem.minecraft.spruce_boat":1,"stat.craftItem.minecraft.boat":1,"stat.pickup.umm3185118519.tin_ore":3,"stat.pickup.minecraft.redstone_block":1,"stat.pickup.minecraft.log":22,"stat.pickup.umm3185118519.pearl_ore":3,"stat.useItem.minecraft.cooked_fish":1,"stat.mineBlock.umm3185118519.amber_ore":17,"stat.mineBlock.umm3185118519.pearl_ore":3,"stat.pickup.umm3185118519.ruby":1,"stat.craftItem.usefulbackpacks.backpack":1,"stat.pickup.minecraft.stone":18,"stat.craftItem.minecraft.iron_chestplate":1,"stat.pickup.minecraft.chicken":4,"stat.mineBlock.umm3185118519.ruby_ore":1,"stat.killEntity.Skeleton":5,"stat.mineBlock.umm3185118519.tin_ore":3,"stat.mineBlock.minecraft.stonebrick":46,"stat.craftItem.minecraft.planks":88,"stat.useItem.minecraft.iron_sword":95,"stat.killEntity.Chicken":4,"stat.killEntity.Spider":8,"stat.killEntity.WitherSkeleton":1,"stat.mobKills":69,"stat.useItem.minecraft.stonebrick":15,"stat.mineBlock.minecraft.log":22,"stat.mineBlock.minecraft.bookshelf":2,"stat.useItem.minecraft.golden_apple":1,"stat.useItem.minecraft.boat":1,"stat.useItem.umm3185118519.sapphire_sword":86,"stat.mineBlock.minecraft.leaves":2,"stat.mineBlock.wings.fairy_dust_ore":47,"stat.pickup.minecraft.torch":2,"stat.mineBlock.umm3185118519.amethyst_ore":9,"stat.mineBlock.minecraft.redstone_ore":2,"stat.sneakTime":7332,"stat.pickup.minecraft.wool":12,"stat.useItem.minecraft.baked_potato":2,"stat.pickup.umm3185118519.cobalt_ore":3,"stat.useItem.minecraft.wooden_axe":21,"stat.mineBlock.minecraft.jukebox":2,"stat.mineBlock.minecraft.stone":198}