{"stat.leaveGame":8,"stat.craftItem.minecraft.iron_axe":1,"stat.killEntity.Blaze":1,"stat.mineBlock.minecraft.sandstone":3,"stat.killEntity.PigZombie":1,"stat.mineBlock.umm3185118519.sapphire_ore":6,"stat.craftItem.minecraft.shield":2,"stat.mineBlock.minecraft.web":34,"stat.pickup.minecraft.golden_boots":1,"stat.pickup.minecraft.porkchop":6,"stat.pickup.minecraft.blaze_powder":1,"stat.pickup.umm3185118519.cobaltsteel_sword":4,"stat.drop.minecraft.iron_sword":1,"stat.mineBlock.minecraft.stone_brick_stairs":6,"stat.pickup.minecraft.rotten_flesh":43,"stat.mineBlock.minecraft.nether_brick_fence":1,"stat.pickup.minecraft.sand":11,"stat.drop.umm3185118519.cobaltsteel_sword":4,"stat.mineBlock.umm3185118519.copper_ore":13,"stat.pickup.minecraft.leather_boots":2,"stat.craftItem.minecraft.stone_sword":1,"stat.pickup.minecraft.chainmail_chestplate":1,"stat.mineBlock.minecraft.sand":21,"stat.drop.umm3185118519.amethyst_pickaxe":1,"stat.craftItem.umm3185118519.molten_cobalt":2,"stat.useItem.minecraft.iron_pickaxe":503,"stat.craftItem.minecraft.wooden_pickaxe":4,"stat.craftItem.minecraft.bed":1,"stat.trappedChestTriggered":1,"stat.furnaceInteraction":58,"stat.killEntity.ZombieVillager":1,"stat.pickup.minecraft.nether_brick":23,"stat.pickup.umm3185118519.jade_ore":10,"stat.pickup.minecraft.beef":33,"stat.pickup.minecraft.furnace":10,"stat.mineBlock.umm3185118519.jade_ore":10,"stat.pickup.minecraft.iron_chestplate":2,"stat.pickup.minecraft.skull":1,"stat.craftItem.umm3185118519.sapphire_sword":1,"stat.pickup.minecraft.potion":3,"stat.killEntity.Husk":6,"stat.mineBlock.umm3185118519.aluminum_ore":3,"stat.mineBlock.minecraft.soul_sand":3,"stat.useItem.minecraft.beef":3,"stat.deaths":4,"stat.playOneMinute":188681,"stat.craftItem.minecraft.iron_pickaxe":3,"stat.pickup.minecraft.diamond_block":1,"stat.mineBlock.minecraft.tallgrass":6,"stat.pickup.minecraft.netherrack":1,"stat.craftItem.umm3185118519.amethyst_pickaxe":2,"stat.chestOpened":36,"stat.useItem.minecraft.stone":13,"stat.mineBlock.minecraft.netherrack":8,"stat.pickup.minecraft.iron_sword":4,"stat.pickup.minecraft.arrow":25,"stat.fallOneCm":54340,"stat.pickup.minecraft.carrot":3,"stat.crouchOneCm":31493,"stat.pickup.minecraft.rail":2,"stat.craftItem.minecraft.iron_ingot":45,"stat.pickup.minecraft.red_mushroom":2,"stat.pickup.minecraft.golden_leggings":1,"stat.craftingTableInteraction":41,"stat.mineBlock.minecraft.nether_wart_block":3,"stat.pickup.minecraft.feather":12,"stat.mineBlock.minecraft.red_nether_brick":19,"stat.useItem.minecraft.furnace":4,"stat.pickup.minecraft.dye":52,"stat.pickup.minecraft.planks":8,"stat.pickup.minecraft.iron_leggings":3,"stat.pickup.minecraft.wheat_seeds":1,"stat.mineBlock.minecraft.gravel":16,"stat.useItem.minecraft.stone_pickaxe":102,"stat.useItem.minecraft.stone_sword":15,"stat.craftItem.minecraft.iron_leggings":1,"stat.mineBlock.minecraft.dirt":39,"stat.pickup.minecraft.chainmail_boots":2,"stat.mineBlock.umm3185118519.aquamarine_ore":12,"stat.useItem.minecraft.bread":6,"stat.pickup.umm3185118519.aquamarine_ore":12,"stat.pickup.minecraft.crafting_table":10,"stat.useItem.minecraft.cobblestone":100,"stat.pickup.minecraft.magma":3,"stat.craftItem.minecraft.crafting_table":8,"stat.craftItem.umm3185118519.cobalt_piece":18,"stat.useItem.minecraft.gravel":1,"stat.mineBlock.minecraft.double_plant":1,"stat.craftItem.minecraft.boat":1,"stat.pickup.umm3185118519.tin_ore":3,"stat.pickup.minecraft.redstone_block":1,"stat.pickup.minecraft.log":27,"stat.pickup.umm3185118519.pearl_ore":3,"stat.useItem.minecraft.cooked_fish":1,"stat.pickup.umm3185118519.ruby":3,"stat.craftItem.usefulbackpacks.backpack":1,"stat.pickup.minecraft.chicken":5,"stat.pickup.minecraft.tipped_arrow":1,"stat.pickup.minecraft.coal_block":1,"stat.mineBlock.umm3185118519.tin_ore":3,"stat.craftItem.minecraft.bucket":2,"stat.craftItem.minecraft.planks":108,"stat.useItem.minecraft.iron_sword":95,"stat.pickup.minecraft.diamond_helmet":3,"stat.killEntity.WitherSkeleton":7,"stat.useItem.minecraft.stonebrick":15,"stat.mineBlock.minecraft.log":27,"stat.mineBlock.umm3185118519.amethyst_ore":10,"stat.pickup.minecraft.red_nether_brick":5,"stat.sneakTime":14768,"stat.pickup.minecraft.wool":12,"stat.useItem.minecraft.baked_potato":2,"stat.useItem.minecraft.wooden_axe":29,"stat.pickup.minecraft.stone_slab":3,"stat.mineBlock.minecraft.jukebox":2,"stat.cakeSlicesEaten":5,"stat.useItem.minecraft.mushroom_stew":1,"stat.pickup.minecraft.bone":26,"stat.useItem.minecraft.iron_axe":31,"stat.drop.minecraft.stone_shovel":1,"stat.mineBlock.minecraft.cobblestone":23,"stat.pickup.minecraft.flint":1,"stat.pickup.minecraft.leather_chestplate":1,"stat.pickup.umm3185118519.sapphire":6,"stat.pickup.umm3185118519.copper_ore":13,"stat.mineBlock.minecraft.stained_glass_pane":2,"stat.swimOneCm":38100,"stat.mineBlock.minecraft.diamond_block":1,"stat.pickup.minecraft.enchanted_book":3,"stat.climbOneCm":744,"stat.useItem.minecraft.dirt":4,"stat.useItem.minecraft.cookie":2,"stat.pickup.wings.fairy_dust":51,"stat.useItem.minecraft.stone_slab2":35,"stat.pickup.minecraft.bow":2,"stat.pickup.minecraft.iron_boots":2,"stat.craftItem.minecraft.furnace":5,"stat.killEntity.artifacts.mimic":4,"stat.craftItem.minecraft.spruce_boat":1,"stat.craftItem.minecraft.iron_boots":2,"stat.pickup.minecraft.nether_wart_block":3,"stat.craftItem.umm3185118519.molten_iron":2,"stat.useItem.minecraft.iron_ore":2,"stat.craftItem.minecraft.stone_pickaxe":3,"stat.craftItem.minecraft.cooked_beef":10,"stat.mineBlock.minecraft.magma":3,"stat.pickup.minecraft.cobblestone":455,"stat.mineBlock.minecraft.redstone_block":1,"stat.useItem.minecraft.stone_shovel":18,"stat.pickup.minecraft.diamond_leggings":1,"stat.flyOneCm":304418,"stat.pickup.minecraft.glass_bottle":1,"stat.pickup.minecraft.soul_sand":4,"stat.drop.minecraft.wheat_seeds":1,"stat.useItem.minecraft.cooked_beef":11,"stat.pickup.minecraft.golden_pickaxe":1,"stat.pickup.minecraft.redstone":9,"stat.mineBlock.minecraft.iron_ore":72,"stat.timeSinceDeath":9151,"stat.pickup.umm3185118519.amber_ore":18,"stat.pickup.minecraft.mutton":18,"stat.pickup.minecraft.mossy_cobblestone":2,"stat.pickup.travelersbackpack.travelers_backpack":1,"stat.mineBlock.minecraft.coal_block":1,"stat.pickup.umm3185118519.aluminum_ore":3,"stat.pickup.minecraft.stonebrick":20,"stat.useItem.minecraft.cooked_porkchop":6,"stat.pickup.minecraft.iron_shovel":1,"stat.mineBlock.minecraft.coal_ore":79,"stat.mineBlock.minecraft.nether_brick":55,"stat.killEntity.Creeper":4,"stat.pickup.minecraft.wooden_sword":2,"stat.pickup.minecraft.string":67,"stat.craftItem.minecraft.stone_slab2":0,"stat.useItem.minecraft.written_book":1,"stat.craftItem.umm3185118519.molten_carbon":2,"stat.pickup.minecraft.paper":1,"stat.sprintOneCm":446420,"stat.craftItem.umm3185118519.cobaltsteel_sword":1,"stat.craftItem.minecraft.stick":40,"stat.useItem.minecraft.stone_slab":3,"stat.mineBlock.umm3185118519.cobalt_ore":8,"stat.mineBlock.minecraft.crafting_table":10,"stat.mineBlock.minecraft.quartz_block":2,"stat.pickup.minecraft.diamond_chestplate":1,"stat.pickup.minecraft.leather_leggings":3,"stat.useItem.umm3185118519.amethyst_pickaxe":413,"stat.mineBlock.minecraft.planks":7,"stat.drop":8,"stat.useItem.minecraft.wooden_sword":10,"stat.pickup.minecraft.jukebox":2,"stat.killEntity.Sheep":13,"stat.mineBlock.mysticalagriculture.prosperity_ore":13,"stat.pickup.umm3185118519.amethyst":10,"stat.killEntity.Zombie":58,"stat.pickup.artifacts.bottled_cloud":2,"stat.mineBlock.minecraft.gold_ore":15,"stat.diveOneCm":44879,"stat.mineBlock.minecraft.mossy_cobblestone":2,"stat.pickup.minecraft.gravel":10,"stat.craftItem.minecraft.cooked_porkchop":6,"stat.mineBlock.mysticalagriculture.inferium_ore":12,"stat.useItem.minecraft.potion":2,"stat.jump":1814,"stat.pickup.minecraft.fence":1,"stat.pickup.minecraft.coal":227,"stat.pickup.minecraft.iron_helmet":1,"stat.pickup.minecraft.gunpowder":3,"stat.craftItem.umm3185118519.aquamarine":9,"stat.pickup.minecraft.spider_eye":9,"stat.pickup.minecraft.dirt":33,"stat.craftItem.minecraft.iron_helmet":1,"stat.mineBlock.wings.amethyst_ore":2,"stat.pickup.minecraft.iron_ore":75,"stat.pickup.minecraft.stone_shovel":2,"stat.boatOneCm":135887,"stat.mineBlock.minecraft.iron_bars":8,"stat.pickup.minecraft.gold_ore":12,"stat.mineBlock.minecraft.lapis_ore":9,"stat.craftItem.umm3185118519.cobalt_ingot":2,"stat.damageTaken":2692,"stat.pickup.minecraft.leather":19,"stat.mineBlock.minecraft.furnace":10,"stat.mineBlock.minecraft.torch":1,"stat.useItem.minecraft.wooden_pickaxe":88,"stat.pickup.mysticalagriculture.crafting":75,"stat.craftItem.umm3185118519.cobalt_steel":2,"stat.killEntity.CaveSpider":5,"stat.pickup.minecraft.bed":1,"stat.pickup.artifacts.thorn_pendant":1,"stat.pickup.minecraft.quartz_block":1,"stat.entityKilledBy.Zombie":2,"stat.damageDealt":27837,"stat.sleepInBed":1,"stat.mineBlock.minecraft.nether_brick_stairs":10,"stat.killEntity.Cow":16,"stat.killEntity.Pig":4,"stat.pickup.artifacts.shiny_red_balloon":1,"stat.useItem.umm3185118519.cobaltsteel_sword":176,"stat.craftItem.minecraft.stone_slab":6,"stat.walkOneCm":382391,"stat.useItem.minecraft.spruce_boat":1,"stat.mineBlock.umm3185118519.amber_ore":18,"stat.mineBlock.umm3185118519.pearl_ore":3,"stat.pickup.minecraft.stone":65,"stat.craftItem.minecraft.iron_chestplate":1,"stat.mineBlock.umm3185118519.ruby_ore":3,"stat.killEntity.Stray":1,"stat.killEntity.Skeleton":28,"stat.mineBlock.minecraft.stonebrick":48,"stat.killEntity.Chicken":5,"stat.killEntity.Spider":25,"stat.mineBlock.minecraft.quartz_ore":9,"stat.mobKills":179,"stat.pickup.minecraft.diamond_boots":3,"stat.mineBlock.minecraft.bookshelf":2,"stat.pickup.minecraft.quartz":2,"stat.useItem.minecraft.golden_apple":1,"stat.useItem.minecraft.boat":1,"stat.useItem.umm3185118519.sapphire_sword":89,"stat.mineBlock.minecraft.leaves":2,"stat.mineBlock.wings.fairy_dust_ore":51,"stat.pickup.minecraft.torch":2,"stat.mineBlock.minecraft.redstone_ore":2,"stat.pickup.wings.amethyst":2,"stat.pickup.umm3185118519.cobalt_ore":8,"stat.mineBlock.minecraft.stone":517}