{"stat.walkOneCm":9640,"stat.leaveGame":2,"stat.craftItem.minecraft.crafting_table":1,"stat.pickup.minecraft.log":3,"stat.useItem.minecraft.mutton":2,"stat.jump":136,"stat.swimOneCm":5427,"stat.fallOneCm":1521,"stat.drop.minecraft.sapling":1,"stat.crouchOneCm":53,"stat.pickup.minecraft.sapling":1,"stat.pickup.minecraft.dirt":7,"stat.useItem.minecraft.dirt":4,"stat.sprintOneCm":9838,"stat.useItem.minecraft.stone_slab2":3,"stat.craftItem.minecraft.stick":4,"stat.craftingTableInteraction":3,"stat.craftItem.minecraft.planks":12,"stat.damageTaken":425,"stat.craftItem.minecraft.stone_pickaxe":1,"stat.useItem.minecraft.wooden_pickaxe":8,"stat.mobKills":1,"stat.pickup.minecraft.cobblestone":3,"stat.mineBlock.minecraft.log":3,"stat.flyOneCm":28134,"stat.deaths":1,"stat.drop":1,"stat.playOneMinute":9264,"stat.entityKilledBy.Zombie":1,"stat.killEntity.Sheep":1,"stat.sneakTime":89,"stat.pickup.minecraft.wool":1,"stat.damageDealt":217,"stat.timeSinceDeath":8325,"stat.mineBlock.minecraft.dirt":7,"stat.craftItem.minecraft.wooden_pickaxe":1,"stat.mineBlock.minecraft.stone":3,"stat.mineBlock.minecraft.tallgrass":1,"stat.pickup.minecraft.mutton":2,"stat.diveOneCm":7183}