{"stat.useItem.minecraft.string":1,"stat.useItem.minecraft.bow":4,"stat.leaveGame":5,"stat.drop.minecraft.shield":2,"stat.useItem.minecraft.mutton":2,"stat.killEntity.PigZombie":4,"stat.mineBlock.umm3185118519.sapphire_ore":2,"stat.useItem.minecraft.planks":30,"stat.mineBlock.minecraft.web":65,"stat.pickup.minecraft.golden_boots":1,"stat.pickup.minecraft.porkchop":16,"stat.pickup.umm3185118519.cobaltsteel_sword":1,"stat.drop.minecraft.iron_sword":1,"stat.mineBlock.minecraft.stone_brick_stairs":2,"stat.pickup.minecraft.rotten_flesh":284,"stat.mineBlock.minecraft.nether_brick_fence":3,"stat.drop.umm3185118519.cobaltsteel_sword":1,"stat.useItem.minecraft.red_nether_brick":185,"stat.drop.minecraft.leather_boots":1,"stat.useItem.minecraft.birch_boat":1,"stat.pickup.minecraft.leather_boots":8,"stat.pickup.minecraft.chainmail_chestplate":6,"stat.hopperInspected":10,"stat.useItem.minecraft.iron_pickaxe":1006,"stat.craftItem.minecraft.wooden_pickaxe":1,"stat.useItem.minecraft.iron_shovel":1,"stat.craftItem.minecraft.birch_door":3,"stat.drop.minecraft.wooden_shovel":1,"stat.trappedChestTriggered":5,"stat.mineBlock.minecraft.vine":1,"stat.pickup.minecraft.wooden_shovel":1,"stat.furnaceInteraction":3,"stat.killEntity.ZombieVillager":2,"stat.pickup.minecraft.nether_brick":49,"stat.pickup.minecraft.prismarine":6,"stat.pickup.minecraft.beef":3,"stat.useItem.minecraft.cooked_mutton":11,"stat.pickup.minecraft.leather_helmet":1,"stat.drop.minecraft.magma":2,"stat.pickup.minecraft.iron_chestplate":28,"stat.pickup.minecraft.skull":13,"stat.pickup.minecraft.stone_stairs":5,"stat.pickup.minecraft.potion":4,"stat.killEntity.Husk":3,"stat.pickup.minecraft.emerald":20,"stat.mineBlock.minecraft.soul_sand":10,"stat.useItem.minecraft.beef":2,"stat.deaths":24,"stat.pickup.minecraft.bowl":1,"stat.pickup.minecraft.egg":2,"stat.playOneMinute":223285,"stat.pickup.minecraft.birch_door":1,"stat.useItem.minecraft.nether_brick":7,"stat.pickup.minecraft.iron_bars":52,"stat.drop.minecraft.glass_bottle":3,"stat.mineBlock.minecraft.tallgrass":6,"stat.pickup.minecraft.netherrack":7,"stat.chestOpened":51,"stat.useItem.minecraft.stone":2,"stat.mineBlock.minecraft.netherrack":6,"stat.pickup.minecraft.arrow":461,"stat.pickup.minecraft.iron_sword":9,"stat.fallOneCm":21021,"stat.drop.minecraft.stone":8,"stat.pickup.minecraft.melon_seeds":20,"stat.crouchOneCm":4549,"stat.craftingTableInteraction":14,"stat.mineBlock.minecraft.nether_wart_block":4,"stat.pickup.minecraft.wooden_pickaxe":6,"stat.drop.minecraft.iron_leggings":3,"stat.drop.minecraft.bone":6,"stat.mineBlock.minecraft.red_nether_brick":333,"stat.pickup.minecraft.birch_boat":4,"stat.pickup.minecraft.planks":36,"stat.pickup.minecraft.iron_leggings":14,"stat.mineBlock.minecraft.gravel":7,"stat.useItem.minecraft.stone_pickaxe":50,"stat.mineBlock.minecraft.dirt":8,"stat.pickup.minecraft.chainmail_boots":7,"stat.drop.minecraft.stick":4,"stat.useItem.minecraft.bread":9,"stat.useItem.minecraft.torch":9,"stat.pickup.minecraft.golden_apple":1,"stat.drop.minecraft.rotten_flesh":17,"stat.pickup.minecraft.crafting_table":1,"stat.useItem.minecraft.cobblestone":228,"stat.pickup.minecraft.magma":11,"stat.craftItem.minecraft.crafting_table":4,"stat.craftItem.minecraft.boat":2,"stat.pickup.minecraft.log":18,"stat.useItem.minecraft.cooked_fish":1,"stat.useItem.minecraft.nether_wart_block":1,"stat.pickup.minecraft.iron_pickaxe":13,"stat.drop.minecraft.sapling":1,"stat.pickup.minecraft.tipped_arrow":6,"stat.pickup.minecraft.chainmail_leggings":3,"stat.pickup.minecraft.sapling":1,"stat.pickup.minecraft.apple":1,"stat.drop.minecraft.melon_seeds":8,"stat.useItem.minecraft.birch_door":3,"stat.drop.minecraft.bow":1,"stat.mineBlock.umm3185118519.tin_ore":5,"stat.craftItem.minecraft.planks":72,"stat.useItem.minecraft.iron_sword":261,"stat.pickup.minecraft.diamond_helmet":12,"stat.mineBlock.minecraft.prismarine":2,"stat.killEntity.WitherSkeleton":6,"stat.useItem.minecraft.stonebrick":7,"stat.pickup.minecraft.book":69,"stat.mineBlock.minecraft.log":18,"stat.drop.minecraft.leather_leggings":2,"stat.pickup.minecraft.red_nether_brick":1156,"stat.sneakTime":4932,"stat.pickup.minecraft.wool":1,"stat.pickup.minecraft.cooked_fish":4,"stat.useItem.minecraft.wooden_axe":10,"stat.cakeSlicesEaten":9,"stat.pickup.minecraft.bone":220,"stat.useItem.minecraft.mushroom_stew":1,"stat.useItem.minecraft.iron_axe":57,"stat.mineBlock.minecraft.cobblestone":112,"stat.pickup.minecraft.stone_pickaxe":8,"stat.pickup.minecraft.leather_chestplate":5,"stat.pickup.umm3185118519.amethyst_pickaxe":7,"stat.pickup.umm3185118519.sapphire":2,"stat.useItem.minecraft.diamond_sword":1133,"stat.swimOneCm":52025,"stat.pickup.minecraft.enchanted_book":63,"stat.climbOneCm":6540,"stat.drop.minecraft.cobblestone":14,"stat.useItem.minecraft.dirt":4,"stat.pickup.wings.fairy_dust":4,"stat.pickup.minecraft.golden_helmet":1,"stat.useItem.minecraft.stone_slab2":34,"stat.pickup.minecraft.bow":5,"stat.pickup.minecraft.iron_boots":8,"stat.useItem.minecraft.egg":1,"stat.pickup.minecraft.anvil":13,"stat.pickup.minecraft.nether_wart_block":6,"stat.useItem.minecraft.iron_ore":16,"stat.craftItem.minecraft.stone_pickaxe":1,"stat.mineBlock.minecraft.magma":43,"stat.pickup.minecraft.cobblestone":576,"stat.flyOneCm":100865,"stat.pickup.minecraft.glass_bottle":4,"stat.pickup.minecraft.soul_sand":1,"stat.pickup.minecraft.nether_brick_stairs":1,"stat.drop.minecraft.chainmail_chestplate":1,"stat.mineBlock.minecraft.iron_ore":15,"stat.timeSinceDeath":0,"stat.pickup.umm3185118519.amber_ore":1,"stat.drop.minecraft.spider_eye":2,"stat.pickup.minecraft.mutton":2,"stat.drop.minecraft.coal":1,"stat.drop.minecraft.iron_bars":6,"stat.pickup.minecraft.wooden_axe":7,"stat.mineBlock.umm3185118519.topaz_ore":1,"stat.pickup.minecraft.chainmail_helmet":9,"stat.pickup.minecraft.stonebrick":22,"stat.pickup.minecraft.iron_shovel":8,"stat.useItem.minecraft.cooked_porkchop":4,"stat.mineBlock.minecraft.coal_ore":7,"stat.mineBlock.minecraft.nether_brick":49,"stat.pickup.minecraft.shield":20,"stat.pickup.minecraft.wooden_sword":10,"stat.pickup.minecraft.string":600,"stat.entityKilledBy.Skeleton":4,"stat.useItem.minecraft.written_book":1,"stat.sprintOneCm":215815,"stat.craftItem.minecraft.stick":12,"stat.craftItem.minecraft.wooden_axe":1,"stat.mineBlock.minecraft.crafting_table":1,"stat.useItem.minecraft.diamond_pickaxe":3,"stat.pickup.minecraft.diamond_chestplate":12,"stat.pickup.minecraft.leather_leggings":11,"stat.drop.minecraft.boat":1,"stat.useItem.umm3185118519.amethyst_pickaxe":34,"stat.mineBlock.minecraft.planks":11,"stat.drop":94,"stat.useItem.minecraft.wooden_sword":7,"stat.killEntity.Sheep":1,"stat.drop.minecraft.iron_boots":1,"stat.craftItem.minecraft.diamond_pickaxe":1,"stat.killEntity.Zombie":102,"stat.diveOneCm":72266,"stat.pickup.minecraft.gravel":2,"stat.mineBlock.minecraft.anvil":1,"stat.pickup.minecraft.stone_axe":5,"stat.useItem.minecraft.apple":4,"stat.pickup.artifacts.snorkel":3,"stat.drop.minecraft.chainmail_helmet":1,"stat.useItem.minecraft.porkchop":7,"stat.useItem.minecraft.potion":5,"stat.useItem.minecraft.rotten_flesh":41,"stat.pickup.minecraft.stone_brick_stairs":6,"stat.pickup.minecraft.diamond_sword":9,"stat.craftItem.minecraft.diamond_sword":1,"stat.jump":1345,"stat.pickup.minecraft.iron_helmet":11,"stat.pickup.minecraft.coal":3,"stat.pickup.minecraft.iron_ingot":125,"stat.craftItem.minecraft.birch_boat":1,"stat.entityKilledBy.CaveSpider":1,"stat.pickup.minecraft.gunpowder":2,"stat.drop.minecraft.wooden_sword":1,"stat.pickup.minecraft.spider_eye":11,"stat.pickup.minecraft.dirt":9,"stat.mineBlock.wings.amethyst_ore":2,"stat.pickup.minecraft.iron_ore":51,"stat.pickup.minecraft.stone_shovel":7,"stat.boatOneCm":379388,"stat.mineBlock.minecraft.iron_bars":13,"stat.pickup.minecraft.iron_axe":23,"stat.mineBlock.minecraft.stone_stairs":1,"stat.damageTaken":10108,"stat.pickup.minecraft.leather":16,"stat.pickup.minecraft.written_book":4,"stat.mineBlock.minecraft.torch":1,"stat.useItem.minecraft.wooden_pickaxe":11,"stat.pickup.mysticalagriculture.crafting":474,"stat.entityKilledBy.ZombieVillager":2,"stat.killEntity.CaveSpider":4,"stat.pickup.minecraft.bed":7,"stat.useItem.minecraft.magma":4,"stat.entityKilledBy.Zombie":15,"stat.pickup.minecraft.diamond_axe":3,"stat.damageDealt":44872,"stat.sleepInBed":8,"stat.mineBlock.minecraft.nether_brick_stairs":12,"stat.pickup.umm3185118519.topaz_ore":1,"stat.killEntity.Silverfish":3,"stat.killEntity.Cow":2,"stat.killEntity.Pig":4,"stat.pickup.minecraft.boat":18,"stat.walkOneCm":559337,"stat.pickup.minecraft.stick":26,"stat.pickup.minecraft.diamond_pickaxe":2,"stat.mineBlock.umm3185118519.amber_ore":3,"stat.drop.minecraft.iron_chestplate":1,"stat.pickup.minecraft.stone":104,"stat.drop.minecraft.egg":1,"stat.useItem.minecraft.netherrack":1,"stat.useItem.minecraft.prismarine":1,"stat.killEntity.Skeleton":75,"stat.mineBlock.minecraft.stonebrick":17,"stat.killEntity.Spider":36,"stat.pickup.minecraft.bread":9,"stat.mineBlock.minecraft.quartz_ore":7,"stat.mobKills":255,"stat.pickup.minecraft.diamond_boots":15,"stat.entityKilledBy.Husk":1,"stat.useItem.minecraft.golden_apple":1,"stat.useItem.minecraft.boat":4,"stat.pickup.minecraft.golden_shovel":5,"stat.pickup.minecraft.diamond":38,"stat.mineBlock.wings.fairy_dust_ore":4,"stat.pickup.minecraft.torch":28,"stat.pickup.wings.amethyst":6,"stat.drop.minecraft.beef":1,"stat.drop.minecraft.arrow":2,"stat.mineBlock.minecraft.stone":416}