{"stat.cakeSlicesEaten":9,"stat.useItem.minecraft.string":1,"stat.useItem.minecraft.bow":4,"stat.pickup.minecraft.bone":45,"stat.useItem.minecraft.mushroom_stew":1,"stat.useItem.minecraft.iron_axe":54,"stat.leaveGame":3,"stat.mineBlock.minecraft.cobblestone":102,"stat.pickup.minecraft.stone_pickaxe":8,"stat.pickup.minecraft.leather_chestplate":5,"stat.useItem.minecraft.diamond_sword":607,"stat.drop.minecraft.shield":1,"stat.useItem.minecraft.mutton":2,"stat.killEntity.PigZombie":4,"stat.swimOneCm":39165,"stat.useItem.minecraft.planks":30,"stat.pickup.minecraft.enchanted_book":20,"stat.climbOneCm":6540,"stat.mineBlock.minecraft.web":48,"stat.pickup.minecraft.golden_boots":1,"stat.drop.minecraft.cobblestone":2,"stat.pickup.minecraft.porkchop":16,"stat.useItem.minecraft.dirt":4,"stat.pickup.wings.fairy_dust":4,"stat.pickup.minecraft.golden_helmet":1,"stat.useItem.minecraft.stone_slab2":31,"stat.pickup.minecraft.bow":5,"stat.pickup.minecraft.iron_boots":3,"stat.drop.minecraft.iron_sword":1,"stat.mineBlock.minecraft.stone_brick_stairs":2,"stat.pickup.minecraft.rotten_flesh":205,"stat.mineBlock.minecraft.nether_brick_fence":3,"stat.useItem.minecraft.egg":1,"stat.pickup.minecraft.anvil":9,"stat.pickup.minecraft.nether_wart_block":6,"stat.useItem.minecraft.red_nether_brick":72,"stat.useItem.minecraft.birch_boat":1,"stat.craftItem.minecraft.stone_pickaxe":1,"stat.mineBlock.minecraft.magma":25,"stat.pickup.minecraft.cobblestone":319,"stat.pickup.minecraft.leather_boots":7,"stat.flyOneCm":80016,"stat.pickup.minecraft.glass_bottle":4,"stat.pickup.minecraft.soul_sand":1,"stat.pickup.minecraft.chainmail_chestplate":1,"stat.pickup.minecraft.nether_brick_stairs":1,"stat.drop.minecraft.chainmail_chestplate":1,"stat.timeSinceDeath":7888,"stat.hopperInspected":10,"stat.useItem.minecraft.iron_pickaxe":529,"stat.craftItem.minecraft.wooden_pickaxe":1,"stat.drop.minecraft.spider_eye":2,"stat.pickup.minecraft.mutton":2,"stat.useItem.minecraft.iron_shovel":1,"stat.craftItem.minecraft.birch_door":3,"stat.drop.minecraft.coal":1,"stat.drop.minecraft.wooden_shovel":1,"stat.trappedChestTriggered":5,"stat.drop.minecraft.iron_bars":6,"stat.pickup.minecraft.wooden_axe":7,"stat.mineBlock.umm3185118519.topaz_ore":1,"stat.pickup.minecraft.chainmail_helmet":4,"stat.mineBlock.minecraft.vine":1,"stat.pickup.minecraft.stonebrick":22,"stat.pickup.minecraft.wooden_shovel":1,"stat.furnaceInteraction":3,"stat.pickup.minecraft.iron_shovel":8,"stat.killEntity.ZombieVillager":2,"stat.mineBlock.minecraft.coal_ore":1,"stat.mineBlock.minecraft.nether_brick":28,"stat.pickup.minecraft.shield":11,"stat.pickup.minecraft.wooden_sword":6,"stat.pickup.minecraft.nether_brick":10,"stat.pickup.minecraft.string":153,"stat.pickup.minecraft.prismarine":6,"stat.pickup.minecraft.beef":3,"stat.useItem.minecraft.cooked_mutton":3,"stat.entityKilledBy.Skeleton":1,"stat.useItem.minecraft.written_book":1,"stat.pickup.minecraft.leather_helmet":1,"stat.sprintOneCm":151522,"stat.drop.minecraft.magma":2,"stat.pickup.minecraft.iron_chestplate":13,"stat.pickup.minecraft.skull":6,"stat.craftItem.minecraft.stick":12,"stat.craftItem.minecraft.wooden_axe":1,"stat.pickup.minecraft.stone_stairs":5,"stat.pickup.minecraft.potion":4,"stat.killEntity.Husk":2,"stat.pickup.minecraft.emerald":20,"stat.pickup.minecraft.diamond_chestplate":4,"stat.pickup.minecraft.leather_leggings":11,"stat.mineBlock.minecraft.soul_sand":6,"stat.useItem.minecraft.beef":2,"stat.mineBlock.minecraft.planks":11,"stat.deaths":11,"stat.pickup.minecraft.bowl":1,"stat.drop":64,"stat.pickup.minecraft.egg":2,"stat.playOneMinute":152270,"stat.pickup.minecraft.birch_door":1,"stat.useItem.minecraft.wooden_sword":7,"stat.killEntity.Sheep":1,"stat.killEntity.Zombie":67,"stat.pickup.minecraft.iron_bars":52,"stat.drop.minecraft.glass_bottle":3,"stat.mineBlock.minecraft.tallgrass":6,"stat.pickup.minecraft.netherrack":7,"stat.diveOneCm":69770,"stat.chestOpened":39,"stat.useItem.minecraft.stone":2,"stat.mineBlock.minecraft.netherrack":4,"stat.pickup.minecraft.gravel":2,"stat.pickup.minecraft.arrow":78,"stat.pickup.minecraft.iron_sword":9,"stat.mineBlock.minecraft.anvil":1,"stat.pickup.minecraft.stone_axe":5,"stat.useItem.minecraft.apple":4,"stat.pickup.artifacts.snorkel":3,"stat.useItem.minecraft.porkchop":7,"stat.useItem.minecraft.potion":5,"stat.useItem.minecraft.rotten_flesh":32,"stat.pickup.minecraft.stone_brick_stairs":6,"stat.pickup.minecraft.diamond_sword":3,"stat.craftItem.minecraft.diamond_sword":1,"stat.jump":957,"stat.pickup.minecraft.iron_helmet":3,"stat.pickup.minecraft.coal":2,"stat.fallOneCm":20810,"stat.pickup.minecraft.iron_ingot":31,"stat.craftItem.minecraft.birch_boat":1,"stat.drop.minecraft.stone":8,"stat.pickup.minecraft.melon_seeds":20,"stat.entityKilledBy.CaveSpider":1,"stat.pickup.minecraft.gunpowder":2,"stat.crouchOneCm":3401,"stat.pickup.minecraft.spider_eye":10,"stat.pickup.minecraft.dirt":9,"stat.craftingTableInteraction":13,"stat.pickup.minecraft.stone_shovel":7,"stat.mineBlock.minecraft.nether_wart_block":2,"stat.boatOneCm":379388,"stat.mineBlock.minecraft.iron_bars":13,"stat.pickup.minecraft.iron_axe":11,"stat.pickup.minecraft.wooden_pickaxe":6,"stat.mineBlock.minecraft.stone_stairs":1,"stat.damageTaken":5328,"stat.pickup.minecraft.leather":16,"stat.mineBlock.minecraft.red_nether_brick":194,"stat.pickup.minecraft.written_book":4,"stat.mineBlock.minecraft.torch":1,"stat.useItem.minecraft.wooden_pickaxe":11,"stat.pickup.minecraft.birch_boat":4,"stat.pickup.mysticalagriculture.crafting":173,"stat.pickup.minecraft.planks":36,"stat.pickup.minecraft.iron_leggings":7,"stat.killEntity.CaveSpider":4,"stat.pickup.minecraft.bed":7,"stat.entityKilledBy.Zombie":8,"stat.mineBlock.minecraft.gravel":6,"stat.useItem.minecraft.stone_pickaxe":50,"stat.damageDealt":30928,"stat.sleepInBed":8,"stat.mineBlock.minecraft.nether_brick_stairs":12,"stat.pickup.umm3185118519.topaz_ore":1,"stat.killEntity.Silverfish":3,"stat.killEntity.Cow":2,"stat.mineBlock.minecraft.dirt":8,"stat.killEntity.Pig":4,"stat.pickup.minecraft.chainmail_boots":4,"stat.drop.minecraft.stick":4,"stat.pickup.minecraft.boat":11,"stat.walkOneCm":357769,"stat.useItem.minecraft.bread":9,"stat.useItem.minecraft.torch":9,"stat.pickup.minecraft.stick":14,"stat.drop.minecraft.rotten_flesh":15,"stat.useItem.minecraft.cobblestone":208,"stat.pickup.minecraft.magma":6,"stat.craftItem.minecraft.crafting_table":4,"stat.craftItem.minecraft.boat":2,"stat.pickup.minecraft.log":18,"stat.useItem.minecraft.cooked_fish":1,"stat.useItem.minecraft.nether_wart_block":1,"stat.mineBlock.umm3185118519.amber_ore":2,"stat.pickup.minecraft.iron_pickaxe":7,"stat.drop.minecraft.iron_chestplate":1,"stat.pickup.minecraft.stone":22,"stat.drop.minecraft.sapling":1,"stat.pickup.minecraft.tipped_arrow":6,"stat.pickup.minecraft.sapling":1,"stat.drop.minecraft.egg":1,"stat.pickup.minecraft.apple":1,"stat.drop.minecraft.melon_seeds":8,"stat.useItem.minecraft.netherrack":1,"stat.useItem.minecraft.prismarine":1,"stat.useItem.minecraft.birch_door":3,"stat.killEntity.Skeleton":50,"stat.drop.minecraft.bow":1,"stat.mineBlock.umm3185118519.tin_ore":5,"stat.mineBlock.minecraft.stonebrick":17,"stat.craftItem.minecraft.planks":72,"stat.useItem.minecraft.iron_sword":261,"stat.pickup.minecraft.diamond_helmet":5,"stat.mineBlock.minecraft.prismarine":2,"stat.killEntity.Spider":19,"stat.killEntity.WitherSkeleton":4,"stat.pickup.minecraft.bread":9,"stat.mineBlock.minecraft.quartz_ore":7,"stat.mobKills":164,"stat.useItem.minecraft.stonebrick":7,"stat.pickup.minecraft.book":39,"stat.pickup.minecraft.diamond_boots":4,"stat.mineBlock.minecraft.log":18,"stat.useItem.minecraft.boat":4,"stat.drop.minecraft.leather_leggings":2,"stat.pickup.minecraft.diamond":26,"stat.mineBlock.wings.fairy_dust_ore":1,"stat.pickup.minecraft.torch":28,"stat.pickup.minecraft.red_nether_brick":335,"stat.sneakTime":4368,"stat.pickup.minecraft.wool":1,"stat.drop.minecraft.beef":1,"stat.drop.minecraft.arrow":2,"stat.pickup.minecraft.cooked_fish":4,"stat.useItem.minecraft.wooden_axe":10,"stat.mineBlock.minecraft.stone":133}