{"stat.chestOpened":7,"stat.cakeSlicesEaten":5,"stat.walkOneCm":40502,"stat.useItem.minecraft.bread":1,"stat.leaveGame":1,"stat.pickup.minecraft.crafting_table":1,"stat.craftItem.minecraft.crafting_table":1,"stat.furnaceInteraction":1,"stat.useItem.minecraft.apple":2,"stat.pickup.minecraft.flower_pot":1,"stat.pickup.minecraft.log":17,"stat.useItem.minecraft.cooked_fish":2,"stat.swimOneCm":12213,"stat.jump":102,"stat.fallOneCm":2726,"stat.useItem.minecraft.planks":4,"stat.pickup.minecraft.furnace":1,"stat.pickup.minecraft.glowstone_dust":12,"stat.crouchOneCm":209,"stat.pickup.minecraft.sapling":6,"stat.sprintOneCm":47137,"stat.useItem.minecraft.stone_slab2":2,"stat.pickup.minecraft.apple":1,"stat.craftItem.minecraft.wooden_axe":1,"stat.craftItem.minecraft.stick":16,"stat.craftingTableInteraction":2,"stat.useItem.minecraft.sapling":5,"stat.craftItem.minecraft.planks":68,"stat.damageTaken":350,"stat.mineBlock.minecraft.crafting_table":1,"stat.mineBlock.minecraft.furnace":1,"stat.useItem.minecraft.wooden_pickaxe":3,"stat.mineBlock.minecraft.glowstone":4,"stat.mobKills":1,"stat.pickup.minecraft.book":3,"stat.mineBlock.minecraft.log":17,"stat.mineBlock.minecraft.bookshelf":1,"stat.flyOneCm":7988,"stat.mineBlock.minecraft.leaves":7,"stat.playOneMinute":28708,"stat.pickup.minecraft.cactus":1,"stat.sneakTime":79,"stat.useItem.minecraft.stone_sword":1,"stat.damageDealt":331,"stat.killEntity.Zombie":1,"stat.timeSinceDeath":28708,"stat.useItem.minecraft.wooden_axe":24,"stat.craftItem.minecraft.wooden_pickaxe":1,"stat.mineBlock.minecraft.tallgrass":3,"stat.diveOneCm":12289}