{"stat.drop.minecraft.stone_pickaxe":1,"stat.chestOpened":8,"stat.cakeSlicesEaten":1,"stat.leaveGame":3,"stat.pickup.minecraft.stone_pickaxe":1,"stat.mineBlock.minecraft.sandstone":1,"stat.jump":884,"stat.swimOneCm":10840,"stat.pickup.minecraft.coal":79,"stat.fallOneCm":20996,"stat.craftItem.minecraft.shield":1,"stat.pickup.minecraft.iron_ingot":3,"stat.useItem.minecraft.stone_axe":79,"stat.pickup.minecraft.porkchop":7,"stat.craftItem.umm3185118519.aquamarine":4,"stat.crouchOneCm":1181,"stat.craftItem.minecraft.torch":8,"stat.craftItem.minecraft.iron_ingot":16,"stat.pickup.minecraft.dirt":11,"stat.useItem.minecraft.dirt":6,"stat.useItem.minecraft.stone_slab2":8,"stat.craftingTableInteraction":17,"stat.pickup.minecraft.iron_ore":19,"stat.craftItem.minecraft.furnace":3,"stat.boatOneCm":18646,"stat.mineBlock.minecraft.iron_bars":2,"stat.craftItem.minecraft.stone_axe":1,"stat.pickup.minecraft.leather":28,"stat.pickup.minecraft.feather":2,"stat.damageTaken":453,"stat.craftItem.minecraft.stone_pickaxe":2,"stat.mineBlock.minecraft.furnace":3,"stat.mineBlock.minecraft.torch":2,"stat.useItem.minecraft.wooden_pickaxe":13,"stat.useItem.minecraft.furnace":1,"stat.pickup.minecraft.cobblestone":37,"stat.pickup.mysticalagriculture.crafting":11,"stat.pickup.minecraft.planks":1,"stat.flyOneCm":167186,"stat.pickup.minecraft.bed":1,"stat.pickup.minecraft.sandstone":1,"stat.pickup.minecraft.wheat_seeds":2,"stat.entityKilledBy.Zombie":1,"stat.useItem.minecraft.stone_pickaxe":127,"stat.damageDealt":4472,"stat.mineBlock.minecraft.iron_ore":19,"stat.useItem.minecraft.wool":6,"stat.sleepInBed":1,"stat.timeSinceDeath":1829,"stat.killEntity.Cow":31,"stat.mineBlock.minecraft.dirt":12,"stat.craftItem.minecraft.wooden_pickaxe":1,"stat.killEntity.Pig":3,"stat.pickup.minecraft.mutton":19,"stat.pickup.minecraft.boat":1,"stat.mineBlock.umm3185118519.aquamarine_ore":4,"stat.walkOneCm":117521,"stat.craftItem.minecraft.bed":1,"stat.useItem.minecraft.torch":6,"stat.pickup.umm3185118519.aquamarine_ore":4,"stat.pickup.minecraft.crafting_table":3,"stat.craftItem.minecraft.crafting_table":1,"stat.furnaceInteraction":16,"stat.mineBlock.minecraft.coal_ore":51,"stat.craftItem.minecraft.boat":1,"stat.pickup.minecraft.log":20,"stat.useItem.minecraft.cooked_fish":1,"stat.pickup.minecraft.beef":58,"stat.useItem.minecraft.cooked_mutton":3,"stat.pickup.minecraft.furnace":2,"stat.craftItem.minecraft.stone_slab2":0,"stat.pickup.minecraft.stone":2,"stat.pickup.minecraft.chicken":1,"stat.mineBlock.minecraft.wool":1,"stat.useItem.minecraft.written_book":1,"stat.pickup.minecraft.sapling":1,"stat.sprintOneCm":112821,"stat.craftItem.minecraft.stick":12,"stat.craftItem.minecraft.planks":80,"stat.killEntity.Chicken":1,"stat.mineBlock.minecraft.crafting_table":3,"stat.mobKills":46,"stat.mineBlock.minecraft.log":20,"stat.useItem.minecraft.boat":1,"stat.deaths":2,"stat.mineBlock.minecraft.planks":1,"stat.drop":1,"stat.mineBlock.minecraft.leaves":6,"stat.pickup.minecraft.egg":1,"stat.playOneMinute":60142,"stat.pickup.minecraft.torch":2,"stat.killEntity.Sheep":11,"stat.sneakTime":622,"stat.craftItem.minecraft.iron_pickaxe":1,"stat.pickup.minecraft.wool":12,"stat.pickup.minecraft.iron_bars":2,"stat.mineBlock.minecraft.stone":41,"stat.mineBlock.minecraft.tallgrass":4,"stat.craftItem.minecraft.cooked_mutton":19,"stat.diveOneCm":24296}