{"stat.drop.minecraft.stone_pickaxe":1,"stat.cakeSlicesEaten":9,"stat.leaveGame":5,"stat.mineBlock.minecraft.cobblestone":5,"stat.pickup.minecraft.stone_pickaxe":1,"stat.mineBlock.minecraft.sandstone":1,"stat.swimOneCm":31279,"stat.craftItem.minecraft.shield":1,"stat.useItem.minecraft.planks":11,"stat.pickup.minecraft.porkchop":7,"stat.useItem.minecraft.dirt":6,"stat.useItem.minecraft.stone_slab2":14,"stat.pickup.minecraft.rotten_flesh":3,"stat.craftItem.minecraft.furnace":3,"stat.craftItem.minecraft.stone_axe":1,"stat.craftItem.minecraft.stone_pickaxe":2,"stat.pickup.minecraft.cobblestone":43,"stat.mineBlock.minecraft.carpet":1,"stat.flyOneCm":220411,"stat.pickup.minecraft.sandstone":1,"stat.mineBlock.minecraft.iron_ore":19,"stat.timeSinceDeath":3797,"stat.craftItem.minecraft.wooden_pickaxe":1,"stat.pickup.minecraft.mutton":19,"stat.craftItem.minecraft.bed":1,"stat.pickup.minecraft.stonebrick":1,"stat.furnaceInteraction":16,"stat.mineBlock.minecraft.coal_ore":51,"stat.pickup.minecraft.beef":58,"stat.useItem.minecraft.cooked_mutton":3,"stat.pickup.minecraft.furnace":2,"stat.craftItem.minecraft.stone_slab2":0,"stat.useItem.minecraft.written_book":1,"stat.sprintOneCm":195905,"stat.craftItem.minecraft.stick":16,"stat.mineBlock.minecraft.crafting_table":3,"stat.deaths":3,"stat.mineBlock.minecraft.planks":7,"stat.drop":1,"stat.pickup.minecraft.egg":1,"stat.playOneMinute":94023,"stat.killEntity.Sheep":11,"stat.craftItem.minecraft.iron_pickaxe":1,"stat.killEntity.Zombie":4,"stat.pickup.minecraft.iron_bars":12,"stat.mineBlock.minecraft.tallgrass":5,"stat.craftItem.minecraft.cooked_mutton":19,"stat.diveOneCm":44149,"stat.chestOpened":24,"stat.pickup.minecraft.gravel":1,"stat.jump":1202,"stat.pickup.minecraft.coal":79,"stat.fallOneCm":27677,"stat.pickup.minecraft.iron_ingot":3,"stat.useItem.minecraft.stone_axe":103,"stat.craftItem.umm3185118519.aquamarine":4,"stat.crouchOneCm":4055,"stat.craftItem.minecraft.torch":8,"stat.craftItem.minecraft.iron_ingot":16,"stat.pickup.minecraft.dirt":12,"stat.craftingTableInteraction":20,"stat.pickup.minecraft.iron_ore":19,"stat.boatOneCm":272774,"stat.mineBlock.minecraft.iron_bars":12,"stat.pickup.minecraft.leather":28,"stat.pickup.minecraft.feather":2,"stat.damageTaken":1008,"stat.mineBlock.minecraft.furnace":3,"stat.mineBlock.minecraft.torch":6,"stat.useItem.minecraft.wooden_pickaxe":35,"stat.useItem.minecraft.furnace":1,"stat.pickup.mysticalagriculture.crafting":12,"stat.pickup.minecraft.planks":7,"stat.entityKilledBy.ZombieVillager":1,"stat.pickup.minecraft.bed":1,"stat.pickup.minecraft.wheat_seeds":2,"stat.entityKilledBy.Zombie":1,"stat.mineBlock.minecraft.gravel":1,"stat.useItem.minecraft.stone_pickaxe":127,"stat.damageDealt":5294,"stat.useItem.minecraft.wool":6,"stat.sleepInBed":1,"stat.killEntity.Cow":31,"stat.mineBlock.minecraft.dirt":13,"stat.killEntity.Pig":3,"stat.pickup.minecraft.boat":2,"stat.mineBlock.umm3185118519.aquamarine_ore":4,"stat.walkOneCm":200277,"stat.useItem.minecraft.torch":19,"stat.useItem.minecraft.bread":1,"stat.pickup.umm3185118519.aquamarine_ore":4,"stat.pickup.minecraft.crafting_table":3,"stat.craftItem.minecraft.crafting_table":2,"stat.craftItem.minecraft.boat":2,"stat.pickup.minecraft.log":29,"stat.useItem.minecraft.cooked_fish":5,"stat.pickup.minecraft.stone":2,"stat.pickup.minecraft.chicken":1,"stat.mineBlock.minecraft.wool":1,"stat.pickup.minecraft.sapling":2,"stat.mineBlock.minecraft.stonebrick":1,"stat.craftItem.minecraft.planks":100,"stat.killEntity.Chicken":1,"stat.mobKills":50,"stat.mineBlock.minecraft.log":29,"stat.useItem.minecraft.boat":3,"stat.mineBlock.minecraft.leaves":18,"stat.pickup.minecraft.torch":6,"stat.sneakTime":1584,"stat.pickup.minecraft.wool":12,"stat.mineBlock.minecraft.stone":44}