{"stat.pickup.minecraft.wooden_slab":2,"stat.useItem.minecraft.stone":3,"stat.leaveGame":2,"stat.pickup.umm3185118519.copper_ore":3,"stat.craftItem.minecraft.coal":6,"stat.swimOneCm":2596,"stat.jump":161,"stat.fallOneCm":2926,"stat.useItem.minecraft.stone_axe":56,"stat.pickup.minecraft.dirt":7,"stat.useItem.minecraft.stone_slab2":6,"stat.craftingTableInteraction":9,"stat.pickup.minecraft.rotten_flesh":1,"stat.pickup.minecraft.sand":1,"stat.craftItem.minecraft.furnace":2,"stat.craftItem.minecraft.stone_axe":1,"stat.pickup.minecraft.leather":3,"stat.pickup.minecraft.feather":6,"stat.mineBlock.minecraft.red_flower":1,"stat.craftItem.minecraft.stone_pickaxe":1,"stat.mineBlock.minecraft.furnace":3,"stat.useItem.minecraft.wooden_pickaxe":10,"stat.useItem.minecraft.furnace":1,"stat.craftItem.minecraft.cooked_beef":7,"stat.mineBlock.umm3185118519.copper_ore":3,"stat.pickup.minecraft.cobblestone":40,"stat.pickup.mysticalagriculture.crafting":2,"stat.pickup.minecraft.planks":15,"stat.pickup.minecraft.reeds":22,"stat.craftItem.minecraft.stone_sword":1,"stat.flyOneCm":35694,"stat.pickup.minecraft.wheat_seeds":1,"stat.mineBlock.minecraft.sand":1,"stat.useItem.minecraft.stone_pickaxe":43,"stat.craftItem.minecraft.wooden_slab":24,"stat.useItem.minecraft.cooked_beef":1,"stat.useItem.minecraft.stone_sword":12,"stat.damageDealt":1290,"stat.timeSinceDeath":11317,"stat.killEntity.Cow":3,"stat.mineBlock.minecraft.dirt":7,"stat.craftItem.minecraft.wooden_pickaxe":1,"stat.pickup.minecraft.mutton":7,"stat.walkOneCm":22018,"stat.pickup.minecraft.crafting_table":1,"stat.craftItem.minecraft.crafting_table":1,"stat.furnaceInteraction":16,"stat.mineBlock.minecraft.double_plant":1,"stat.pickup.minecraft.log":44,"stat.pickup.umm3185118519.pearl_ore":1,"stat.craftItem.umm3185118519.copper_piece":3,"stat.pickup.minecraft.beef":7,"stat.mineBlock.umm3185118519.pearl_ore":1,"stat.pickup.minecraft.furnace":3,"stat.craftItem.minecraft.stone_slab2":0,"stat.pickup.minecraft.stone":4,"stat.pickup.minecraft.chicken":9,"stat.sprintOneCm":25331,"stat.craftItem.minecraft.stick":8,"stat.killEntity.Horse":1,"stat.craftItem.minecraft.planks":24,"stat.killEntity.Chicken":5,"stat.mineBlock.minecraft.crafting_table":1,"stat.mobKills":15,"stat.mineBlock.minecraft.log":44,"stat.craftItem.minecraft.cooked_chicken":1,"stat.mineBlock.minecraft.leaves":6,"stat.pickup.minecraft.egg":3,"stat.playOneMinute":11317,"stat.killEntity.Sheep":5,"stat.pickup.minecraft.red_flower":1,"stat.sneakTime":19,"stat.pickup.minecraft.wool":5,"stat.killEntity.Zombie":1,"stat.mineBlock.minecraft.stone":44,"stat.mineBlock.minecraft.tallgrass":12,"stat.diveOneCm":6074}