{"stat.pickup.minecraft.bone":2,"stat.pickup.minecraft.wooden_slab":2,"stat.drop.umm3185118519.copper_piece":3,"stat.useItem.minecraft.stone":3,"stat.useItem.minecraft.iron_axe":24,"stat.leaveGame":3,"stat.pickup.minecraft.gravel":55,"stat.pickup.minecraft.arrow":2,"stat.mineBlock.minecraft.cobblestone":2,"stat.pickup.minecraft.stone_axe":1,"stat.pickup.minecraft.flint":6,"stat.craftItem.minecraft.iron_axe":1,"stat.mineBlock.mysticalagriculture.inferium_ore":26,"stat.pickup.minecraft.obsidian":20,"stat.pickup.umm3185118519.sapphire":1,"stat.pickup.umm3185118519.copper_ore":8,"stat.craftItem.minecraft.wool":2,"stat.craftItem.minecraft.coal":6,"stat.craftItem.travelersbackpack.backpack_tank":2,"stat.swimOneCm":20774,"stat.jump":1081,"stat.mineBlock.umm3185118519.sapphire_ore":1,"stat.pickup.minecraft.coal":49,"stat.fallOneCm":21553,"stat.craftItem.minecraft.shield":1,"stat.climbOneCm":321,"stat.drop.minecraft.stone":2,"stat.drop.minecraft.cobblestone":1,"stat.useItem.minecraft.stone_axe":75,"stat.craftItem.umm3185118519.aquamarine":3,"stat.crouchOneCm":1558,"stat.useItem.umm3185118519.ruby_pickaxe":116,"stat.pickup.minecraft.spider_eye":1,"stat.craftItem.minecraft.torch":112,"stat.craftItem.minecraft.iron_ingot":46,"stat.craftItem.minecraft.chest":1,"stat.pickup.minecraft.dirt":37,"stat.pickup.wings.fairy_dust":28,"stat.useItem.minecraft.stone_slab2":20,"stat.useItem.minecraft.cooked_chicken":1,"stat.useItem.minecraft.water_bucket":3,"stat.craftingTableInteraction":37,"stat.pickup.minecraft.iron_ore":86,"stat.pickup.minecraft.rotten_flesh":9,"stat.pickup.minecraft.sand":77,"stat.craftItem.minecraft.furnace":4,"stat.pickup.minecraft.gold_ore":15,"stat.killEntity.artifacts.mimic":1,"stat.craftItem.minecraft.stone_axe":1,"stat.pickup.minecraft.leather":34,"stat.pickup.minecraft.feather":6,"stat.damageTaken":189,"stat.mineBlock.minecraft.red_flower":4,"stat.craftItem.minecraft.stone_pickaxe":1,"stat.mineBlock.minecraft.furnace":5,"stat.useItem.minecraft.wooden_pickaxe":10,"stat.useItem.minecraft.furnace":3,"stat.craftItem.minecraft.cooked_beef":7,"stat.mineBlock.minecraft.obsidian":20,"stat.drop.umm3185118519.ruby_pickaxe":1,"stat.killEntity.Enderman":1,"stat.mineBlock.umm3185118519.copper_ore":8,"stat.pickup.minecraft.cobblestone":148,"stat.pickup.mysticalagriculture.crafting":117,"stat.pickup.minecraft.planks":15,"stat.pickup.minecraft.reeds":88,"stat.killEntity.Llama":3,"stat.craftItem.minecraft.stone_sword":1,"stat.flyOneCm":201027,"stat.pickup.minecraft.bed":3,"stat.pickup.minecraft.wheat_seeds":2,"stat.mineBlock.minecraft.sand":77,"stat.pickup.artifacts.lucky_horseshoe":1,"stat.mineBlock.minecraft.gravel":61,"stat.useItem.minecraft.stone_pickaxe":96,"stat.craftItem.minecraft.wooden_slab":24,"stat.useItem.minecraft.cooked_beef":2,"stat.useItem.minecraft.stone_sword":30,"stat.pickup.umm3185118519.tungsten_ore":4,"stat.damageDealt":8868,"stat.craftItem.minecraft.glass":14,"stat.mineBlock.minecraft.iron_ore":84,"stat.sleepInBed":2,"stat.timeSinceDeath":76270,"stat.craftItem.umm3185118519.obsidian_sword":1,"stat.killEntity.Cow":27,"stat.pickup.umm3185118519.copper_piece":3,"stat.mineBlock.minecraft.dirt":42,"stat.pickup.umm3185118519.amber_ore":40,"stat.useItem.minecraft.iron_pickaxe":249,"stat.craftItem.minecraft.wooden_pickaxe":1,"stat.pickup.minecraft.mutton":12,"stat.pickup.umm3185118519.obsidian_shard":1,"stat.craftItem.umm3185118519.obsidian_axe":1,"stat.useItem.umm3185118519.obsidian_axe":3,"stat.mineBlock.umm3185118519.aquamarine_ore":13,"stat.craftItem.umm3185118519.obsidian_shard":40,"stat.walkOneCm":180666,"stat.craftItem.minecraft.bed":2,"stat.useItem.minecraft.torch":55,"stat.pickup.umm3185118519.aquamarine_ore":13,"stat.useItem.umm3185118519.obsidian_spade":165,"stat.pickup.minecraft.stick":3,"stat.mineBlock.umm3185118519.topaz_ore":3,"stat.pickup.umm3185118519.aluminum_ore":2,"stat.pickup.minecraft.crafting_table":6,"stat.useItem.minecraft.cobblestone":39,"stat.craftItem.minecraft.crafting_table":3,"stat.furnaceInteraction":53,"stat.craftItem.aether_legacy.iron_gloves":1,"stat.mineBlock.minecraft.double_plant":2,"stat.mineBlock.minecraft.coal_ore":34,"stat.pickup.umm3185118519.tin_ore":4,"stat.killEntity.Creeper":3,"stat.pickup.minecraft.log":61,"stat.pickup.minecraft.string":2,"stat.pickup.umm3185118519.pearl_ore":1,"stat.craftItem.umm3185118519.copper_piece":3,"stat.mineBlock.umm3185118519.amber_ore":40,"stat.pickup.minecraft.beef":47,"stat.mineBlock.umm3185118519.pearl_ore":1,"stat.pickup.umm3185118519.ruby":7,"stat.pickup.minecraft.furnace":5,"stat.useItem.minecraft.cooked_mutton":5,"stat.craftItem.umm3185118519.obsidian_helmet":1,"stat.mineBlock.umm3185118519.tungsten_ore":4,"stat.craftItem.minecraft.stone_slab2":0,"stat.craftItem.umm3185118519.obsidian_chestplate":1,"stat.craftItem.minecraft.gold_ingot":2,"stat.pickup.minecraft.stone":10,"stat.craftItem.minecraft.iron_chestplate":1,"stat.pickup.minecraft.chicken":9,"stat.craftItem.travelersbackpack.travelers_backpack":1,"stat.craftItem.umm3185118519.obsidian_boots":1,"stat.sprintOneCm":153387,"stat.mineBlock.umm3185118519.ruby_ore":7,"stat.craftItem.minecraft.stick":62,"stat.killEntity.Skeleton":3,"stat.craftItem.travelersbackpack.sleeping_bag_bottom":1,"stat.mineBlock.umm3185118519.tin_ore":4,"stat.killEntity.Horse":1,"stat.mineBlock.umm3185118519.cobalt_ore":6,"stat.useItem.umm3185118519.obsidian_pickaxe":31,"stat.craftItem.minecraft.planks":80,"stat.useItem.umm3185118519.obsidian_greatsword":72,"stat.killEntity.Chicken":5,"stat.pickup.minecraft.grass":1,"stat.mineBlock.minecraft.crafting_table":6,"stat.killEntity.Spider":2,"stat.craftItem.umm3185118519.ruby_pickaxe":1,"stat.craftItem.umm3185118519.obsidian_greatsword":1,"stat.craftItem.umm3185118519.obsidian_leggings":1,"stat.mobKills":63,"stat.mineBlock.minecraft.log":61,"stat.mineBlock.umm3185118519.aluminum_ore":2,"stat.craftItem.minecraft.cooked_chicken":1,"stat.drop":7,"stat.mineBlock.minecraft.leaves":7,"stat.pickup.minecraft.egg":3,"stat.mineBlock.wings.fairy_dust_ore":28,"stat.playOneMinute":76270,"stat.killEntity.Sheep":8,"stat.pickup.minecraft.red_flower":4,"stat.mineBlock.mysticalagriculture.prosperity_ore":14,"stat.sneakTime":753,"stat.craftItem.minecraft.iron_pickaxe":1,"stat.pickup.minecraft.wool":8,"stat.killEntity.Zombie":9,"stat.craftItem.minecraft.dye":3,"stat.pickup.umm3185118519.cobalt_ore":6,"stat.craftItem.umm3185118519.obsidian_pickaxe":1,"stat.mineBlock.minecraft.stone":181,"stat.mineBlock.minecraft.gold_ore":15,"stat.mineBlock.minecraft.tallgrass":15,"stat.craftItem.minecraft.cooked_mutton":12,"stat.diveOneCm":23823}