{"stat.walkOneCm":7703,"stat.pickup.mowziesmobs.ice_crystal":1,"stat.leaveGame":2,"stat.useItem.minecraft.lava_bucket":1,"stat.jump":172,"stat.swimOneCm":354,"stat.fallOneCm":6118,"stat.crouchOneCm":272,"stat.pickup.minecraft.dirt":5,"stat.useItem.minecraft.dirt":3,"stat.sprintOneCm":20433,"stat.useItem.minecraft.stone_slab2":4,"stat.useItem.umm3185118519.unobtainium_sword":6,"stat.drop.artifacts.shiny_red_balloon":1,"stat.damageTaken":290,"stat.mobKills":1,"stat.flyOneCm":73211,"stat.deaths":1,"stat.drop":1,"stat.playOneMinute":15571,"stat.sneakTime":136,"stat.useItem.mowziesmobs.spawn_egg":1,"stat.damageDealt":2610,"stat.timeSinceDeath":5336,"stat.mineBlock.minecraft.dirt":5,"stat.pickup.artifacts.shiny_red_balloon":1}