{"stat.leaveGame":2,"stat.mineBlock.minecraft.cobblestone":1,"stat.jump":143,"stat.fallOneCm":1881,"stat.useItem.minecraft.stone_axe":3,"stat.crouchOneCm":2488,"stat.pickup.minecraft.dirt":20,"stat.useItem.minecraft.dirt":15,"stat.useItem.minecraft.stone_slab2":44,"stat.craftingTableInteraction":4,"stat.craftItem.minecraft.furnace":1,"stat.craftItem.minecraft.stone_axe":1,"stat.pickup.minecraft.leather":2,"stat.craftItem.minecraft.stone_pickaxe":1,"stat.useItem.minecraft.wooden_pickaxe":16,"stat.pickup.minecraft.cobblestone":18,"stat.useItem.minecraft.stone_shovel":3,"stat.flyOneCm":33367,"stat.pickup.minecraft.wheat_seeds":2,"stat.drop.minecraft.wheat_seeds":2,"stat.useItem.minecraft.stone_pickaxe":2,"stat.damageDealt":100,"stat.timeSinceDeath":40518,"stat.killEntity.Cow":1,"stat.mineBlock.minecraft.dirt":20,"stat.craftItem.minecraft.wooden_pickaxe":1,"stat.craftItem.minecraft.stone_shovel":1,"stat.walkOneCm":9695,"stat.pickup.minecraft.crafting_table":1,"stat.useItem.minecraft.cobblestone":1,"stat.craftItem.minecraft.crafting_table":1,"stat.craftItem.minecraft.stone_hoe":1,"stat.pickup.minecraft.log":6,"stat.pickup.minecraft.beef":3,"stat.pickup.minecraft.sapling":2,"stat.sprintOneCm":13754,"stat.pickup.minecraft.apple":1,"stat.craftItem.minecraft.stick":12,"stat.craftItem.minecraft.planks":24,"stat.mineBlock.minecraft.crafting_table":1,"stat.mobKills":1,"stat.mineBlock.minecraft.log":6,"stat.drop":2,"stat.playOneMinute":40518,"stat.pickup.minecraft.red_flower":1,"stat.sneakTime":1428,"stat.mineBlock.minecraft.stone":17,"stat.mineBlock.minecraft.tallgrass":9}