{"stat.craftItem.minecraft.stone_shovel":1,"stat.craftItem.minecraft.furnace":1,"stat.walkOneCm":4248,"stat.craftItem.minecraft.planks":24,"stat.craftItem.minecraft.stone_axe":1,"stat.leaveGame":1,"stat.mineBlock.minecraft.cobblestone":1,"stat.pickup.minecraft.crafting_table":1,"stat.pickup.minecraft.leather":2,"stat.mineBlock.minecraft.crafting_table":1,"stat.useItem.minecraft.cobblestone":1,"stat.craftItem.minecraft.crafting_table":1,"stat.craftItem.minecraft.stone_pickaxe":1,"stat.useItem.minecraft.wooden_pickaxe":16,"stat.mobKills":1,"stat.pickup.minecraft.cobblestone":18,"stat.mineBlock.minecraft.log":6,"stat.craftItem.minecraft.stone_hoe":1,"stat.useItem.minecraft.stone_shovel":3,"stat.pickup.minecraft.log":6,"stat.flyOneCm":15963,"stat.pickup.minecraft.wheat_seeds":2,"stat.drop":2,"stat.jump":96,"stat.playOneMinute":25312,"stat.fallOneCm":1881,"stat.drop.minecraft.wheat_seeds":2,"stat.pickup.minecraft.beef":3,"stat.useItem.minecraft.stone_pickaxe":2,"stat.sneakTime":941,"stat.useItem.minecraft.stone_axe":3,"stat.damageDealt":100,"stat.crouchOneCm":943,"stat.timeSinceDeath":25312,"stat.killEntity.Cow":1,"stat.pickup.minecraft.dirt":19,"stat.useItem.minecraft.dirt":13,"stat.sprintOneCm":8329,"stat.mineBlock.minecraft.dirt":19,"stat.useItem.minecraft.stone_slab2":5,"stat.craftItem.minecraft.wooden_pickaxe":1,"stat.mineBlock.minecraft.stone":17,"stat.mineBlock.minecraft.tallgrass":9,"stat.craftItem.minecraft.stick":12,"stat.craftingTableInteraction":4}