{"stat.cakeSlicesEaten":1,"stat.pickup.minecraft.bone":12,"stat.leaveGame":5,"stat.mineBlock.minecraft.cobblestone":13,"stat.pickup.minecraft.leather_chestplate":3,"stat.swimOneCm":12275,"stat.useItem.minecraft.planks":14,"stat.climbOneCm":230,"stat.mineBlock.minecraft.spruce_stairs":1,"stat.useItem.minecraft.dirt":15,"stat.pickup.wings.fairy_dust":2,"stat.useItem.minecraft.stone_slab2":93,"stat.pickup.minecraft.iron_boots":1,"stat.mineBlock.minecraft.stone_brick_stairs":2,"stat.pickup.minecraft.rotten_flesh":28,"stat.craftItem.minecraft.furnace":1,"stat.craftItem.minecraft.stone_axe":1,"stat.craftItem.minecraft.stone_pickaxe":1,"stat.pickup.minecraft.cobblestone":35,"stat.useItem.minecraft.stone_shovel":3,"stat.flyOneCm":93584,"stat.pickup.minecraft.glass_bottle":2,"stat.pickup.minecraft.chainmail_chestplate":1,"stat.drop.minecraft.wheat_seeds":2,"stat.drop.minecraft.chainmail_chestplate":1,"stat.pickup.minecraft.golden_pickaxe":2,"stat.mineBlock.minecraft.iron_ore":3,"stat.timeSinceDeath":206212,"stat.useItem.minecraft.iron_pickaxe":62,"stat.craftItem.minecraft.wooden_pickaxe":1,"stat.drop.minecraft.spider_eye":19,"stat.drop.minecraft.iron_bars":14,"stat.pickup.minecraft.nether_wart":5,"stat.pickup.minecraft.stonebrick":14,"stat.furnaceInteraction":1,"stat.useItem.minecraft.cooked_porkchop":1,"stat.killEntity.ZombieVillager":3,"stat.pickup.minecraft.shield":1,"stat.craftItem.minecraft.stone_hoe":1,"stat.pickup.minecraft.string":36,"stat.pickup.minecraft.beef":3,"stat.pickup.minecraft.furnace":1,"stat.pickup.minecraft.leather_helmet":1,"stat.sprintOneCm":176693,"stat.pickup.minecraft.iron_chestplate":3,"stat.craftItem.minecraft.stick":12,"stat.useItem.minecraft.snowball":1,"stat.mineBlock.minecraft.crafting_table":1,"stat.killEntity.Husk":1,"stat.mineBlock.minecraft.planks":6,"stat.drop":55,"stat.playOneMinute":206212,"stat.drop.minecraft.golden_pickaxe":1,"stat.killEntity.Zombie":27,"stat.pickup.minecraft.iron_bars":22,"stat.drop.minecraft.glass_bottle":4,"stat.mineBlock.minecraft.tallgrass":9,"stat.chestOpened":18,"stat.pickup.minecraft.gravel":2,"stat.pickup.minecraft.arrow":5,"stat.useItem.minecraft.apple":3,"stat.mineBlock.mysticalagriculture.inferium_ore":2,"stat.useItem.minecraft.potion":2,"stat.pickup.minecraft.stone_brick_stairs":2,"stat.jump":278,"stat.fallOneCm":2904,"stat.useItem.minecraft.stone_axe":12,"stat.crouchOneCm":8397,"stat.pickup.minecraft.spider_eye":20,"stat.craftItem.minecraft.torch":4,"stat.pickup.minecraft.dirt":20,"stat.useItem.minecraft.cooked_chicken":2,"stat.craftingTableInteraction":4,"stat.pickup.minecraft.iron_ore":3,"stat.mineBlock.minecraft.iron_bars":11,"stat.pickup.minecraft.leather":2,"stat.damageTaken":1603,"stat.mineBlock.minecraft.furnace":1,"stat.useItem.minecraft.wooden_pickaxe":16,"stat.pickup.mysticalagriculture.crafting":21,"stat.pickup.minecraft.planks":6,"stat.pickup.minecraft.wheat_seeds":2,"stat.mineBlock.minecraft.gravel":1,"stat.useItem.minecraft.stone_pickaxe":9,"stat.damageDealt":11782,"stat.killEntity.Cow":1,"stat.mineBlock.minecraft.dirt":20,"stat.useItem.minecraft.iron_bars":2,"stat.craftItem.minecraft.stone_shovel":1,"stat.walkOneCm":87682,"stat.useItem.minecraft.bread":5,"stat.useItem.minecraft.torch":3,"stat.drop.minecraft.rotten_flesh":23,"stat.pickup.minecraft.crafting_table":1,"stat.useItem.minecraft.cobblestone":11,"stat.craftItem.minecraft.crafting_table":1,"stat.pickup.minecraft.log":10,"stat.useItem.minecraft.cooked_fish":12,"stat.drop.minecraft.leather_chestplate":2,"stat.drop.minecraft.iron_chestplate":2,"stat.pickup.minecraft.stone":4,"stat.pickup.minecraft.sapling":2,"stat.pickup.minecraft.apple":1,"stat.killEntity.Skeleton":8,"stat.mineBlock.minecraft.stonebrick":14,"stat.craftItem.minecraft.planks":24,"stat.useItem.minecraft.iron_sword":224,"stat.killEntity.Spider":33,"stat.mobKills":73,"stat.pickup.minecraft.book":6,"stat.useItem.minecraft.stonebrick":4,"stat.mineBlock.minecraft.log":6,"stat.mineBlock.minecraft.bookshelf":2,"stat.mineBlock.wings.fairy_dust_ore":2,"stat.pickup.minecraft.spruce_stairs":1,"stat.pickup.minecraft.red_flower":1,"stat.sneakTime":3994,"stat.useItem.minecraft.baked_potato":3,"stat.mineBlock.minecraft.stone":26}